Datum,Sendung,Titel
31.08.11,log in,Reichensteuer gegen Eurokrise – sollen Millionäre mehr zahlen?
06.09.11,Menschen bei Maischberger,Das Euro-Debakel: Ein Schrecken ohne Ende?
08.09.11,maybrit illner,"Union der Verschwender: Europa ist, wenn Deutschland zahlt"
25.09.11,Günther Jauch,Der Kampf um den Euro – Bundeskanzlerin Angela Merkel zu Gast bei Günther Jauch
26.09.11,hart aber fair,Der Euro-Aufstand – Deutschland vor der Gewissensfrage?
28.09.11,Anne Will,Die Euro-Abstimmung - Riskieren wir morgen alles?
28.09.11,log in,"Euro-top, Euro-hop: sind wir noch zu retten?"
29.09.11,maybrit illner,Europa - einfach unbezahlbar? - Deutschland unterm Rettungsschirm
13.10.11,maybrit illner,"Griechen pleite, Banken in Not - wer rettet den Steuerzahler?"
18.10.11,Menschen bei Maischberger,Die Angst wächst: Eurokalypse now?
20.10.11,maybrit illner,"Zocker an den Pranger - ran an die Banken, raus aus der Krise?"
23.10.11,Günther Jauch,Klartext in der Krise – Helmut Schmidt und Peer Steinbrück zu Gast bei Günther Jauch
24.10.11,hart aber fair,Bürger gegen Banken: Wut und Angst im Euroland
26.10.11,log in,Der Euro-Poker - Retten wir die Richtigen?
27.10.11,Beckmann,Europa vor dem Abgrund – wie sicher ist unser Geld?
27.10.11,maybrit illner,"Europa zankt, der Bürger zahlt - Euro gerettet?"
30.10.11,Günther Jauch,Banken an die Leine! Wie bekommen wir die Finanzmärkte in den Griff?
03.11.11,maybrit illner,Europa in der Falle - gefährdet Demokratie unseren Wohlstand?
06.11.11,Günther Jauch,Chaos-Tage in Athen – wer will die Griechen jetzt noch retten?
08.12.11,Beckmann,Auswege aus der Krise – sind die Grenzen des Wachstums erreicht?
08.12.11,maybrit illner,"Merkel, Macht und Märkte - Deutschland bald auf Ramschniveau?"
11.12.11,Günther Jauch,Nach dem Krisen-Gipfel – Geht's jetzt auch mit Deutschland bergab?
15.12.11,maybrit illner,"Tschüss, Krisenjahr! Kriegt Europa noch die Kurve?"
25.01.12,log in,"Erst wachsen, dann platzen - mit dem Kapitalismus in den Bankrott?"
02.02.12,maybrit illner,Milliardengrab Griechenland - Rettung unmöglich?
08.02.12,log in,"Zurück in die Zukunft - erst Hellas bankrott, dann wir?"
15.02.12,Anne Will,"Griechenland brennt, Deutschland zahlt - Euro-Rettung um jeden Preis?"
28.02.12,Menschen bei Maischberger,"Der letzte Sirtaki: Griechen bankrott, Deutsche zahlen trotzdem?"
01.03.12,maybrit illner,Dauerauftrag für Athen - wann verliert Deutschland die Geduld?
26.04.12,maybrit illner,Rückkehr der Euro-Krise - Aus für Merkels Spardiktat?
08.05.12,Menschen bei Maischberger,Alle gegen Merkel – Europa in Gefahr?
09.05.12,Anne Will,Griechen und Franzosen wählen den Sparkurs ab – zahlt Deutschland die Euro-Zeche allein?
10.05.12,maybrit illner,"Wer sparen will, wird abgestraft. Wählt Europa lieber neue Schulden?"
20.05.12,Günther Jauch,Brauchen wir den Euro wirklich? - Thilo Sarrazin gegen Peer Steinbrück
23.05.12,Anne Will,Spar-Angie gegen Spendier-François - das letzte Euro-Gefecht?
24.05.12,maybrit illner,Alle pfeifen auf die Schulden - Wer hört noch auf die Kanzlerin?
18.06.12,hart aber fair,Die Griechenwahl – statt Ende mit Schrecken jetzt Schecks ohne Ende?
20.06.12,Anne Will,Nach der Krise ist vor der Krise - ist unser Erspartes wirklich sicher?
20.06.12,log in,Haben wir den Euro schon verspielt?
04.07.12,Anne Will,"Europas Schulden, unsere Schulden - ist Kanzlerin Merkel umgefallen?"
05.07.12,maybrit illner,Alle Macht den Schulden - Wird Deutschland in Brüssel über den Tisch gezogen?
23.08.12,maybrit illner,"Arm gegen Reich, Nord gegen Süd - Wer zahlt den Preis für die Krise?"
06.09.12,Beckmann,Regieren Banken die Politik?
09.09.12,Günther Jauch,Im Namen des Volkes! Müssen wir die Euro-Rettung stoppen?
12.09.12,Anne Will,Das Euro-Urteil - ein guter Tag für Deutschland?
12.09.12,log in,"Zahlen, bis es kracht: Zum Euro verurteilt?"
13.09.12,maybrit illner,Zur Rettung verurteilt -  Was ist uns Europa wert
